label,avg_ct,avg_lt,avg_rt,bytes,concurrency,fail,stdev_rt,succ,throughput,perc_0.0,perc_50.0,perc_90.0,perc_95.0,perc_99.0,perc_99.9,perc_100.0,rc_200
,0,0.00745,0.00754,34031,1,0,0.05406,74,74,0.00100,0.00300,0.00900,0.02600,0.18000,0.18000,0.18000,74
Example Http Request 2,0,0.00297,0.00306,14713,2,0,0.00513,32,32,0.00100,0.00200,0.00700,0.01000,0.01000,0.01000,0.01000,32
Example Http Request 1,0,0.01086,0.01095,19318,1,0,0.05521,42,42,0.00100,0.00300,0.01200,0.03200,0.18000,0.18000,0.18000,42
